name,height_in,weight_lbs,reach_in
Aaron Phillips,69,135,70
Aaron Riley,68,155,69
Aaron Rosa,76,205,78
Aaron Simpson,72,170,73
Abdul Razak Alhassan,70,170,73
Abdul-Kerim Edilov,74,205,78
Abel Trujillo,68,155,70
Abner Lloveras,71,155,71
Abu Azaitar,69,185,76
Adam Antolin,65,125,63
Adam Cella,74,170,78
Adam Hunter,73,185,73
Adam Milstead,75,205,76
Adam Wieczorek,77,250,81
Adam Yandiev,69,185,74
Adlan Amagov,74,170,76
Adriano Martins,70,155,72
Aiemann Zahabi,68,135,68
Aisling Daly,62,115,64
Akbarh Arreola,70,155,71
Akihiro Gono,67,170,68
Akira Corassani,68,145,68
Akitoshi Tamura,69,135,70
Al Iaquinta,70,155,70
Alan Belcher,74,185,73
Alan Jouban,72,170,73
Alan Omer,70,145,71
Alan Patrick,71,155,74
Albert Morales,69,135,72
Albert Tumenov,71,170,73
Alberto Mina,72,170,77
Alberto Uda,75,185,77
Alejandro Perez,66,135,67
Aleksandar Rakic,76,205,78
Aleksei Kunchenko,68,170,70
Aleksei Oleinik,74,240,80
Alen Amedovski,70,185,74
Alessandro Ricci,71,155,69
Alessio Di Chirico,72,185,74
Alessio Sakara,72,185,72
Alex Caceres,70,145,73
Alex Chambers,63,115,63
Alex Da Silva,68,155,73
Alex Enlund,70,145,73
Alex Garcia,69,170,72
Alex Gilpin,67,145,72
Alex Gorgees,74,155,74
Alex Karalexis,68,155,66
Alex Morono,71,170,72
Alex Nicholson,76,185,81
Alex Oliveira,71,170,76
Alex Perez,66,135,65
Alex Reyes,71,170,73
Alex Serdyukov,74,170,74
Alex Soto,68,135,71
Alex Torres,70,145,70
Alex White,72,155,71
Alexa Grasso,65,115,66
Alexander Gustafsson,77,205,79
Alexander Hernandez,69,155,72
Alexander Volkanovski,66,145,71
Alexander Volkov,79,250,80
Alexander Yakovlev,75,155,74
Alexandra Albu,62,115,63
Alexandre Pantoja,65,125,67
Alexis Davis,66,125,68
Alexis Dufresne,69,135,68
Alfred Khashakyan,68,135,70
Ali Bagautinov,64,125,65
Alistair Overeem,76,265,80
Aljamain Sterling,67,135,71
Allan Zuniga,67,155,70
Allen Crowder,75,245,76
Alonzo Menifield,72,205,76
Alptekin Ozkilic,65,125,65
Alton Cunningham,74,205,77
Alton Meeks,77,265,75
Alvaro Herrera,72,155,74
Alvin Robinson,69,155,68
Amanda Cooper,63,115,64
Amanda Lemos,64,135,65
Amanda Nunes,68,145,69
Amir Sadollah,70,170,74
Anderson Dos Santos,65,135,70
Anderson Silva,74,185,77
Andre Ewell,68,135,75
Andre Fili,71,145,74
Andre Soukhamthath,69,135,70
Andre Winner,71,155,73
Andrea Lee,66,125,69
Andreas Stahl,71,170,73
Andrei Arlovski,75,240,77
Andrew Craig,73,170,76
Andrew Holbrook,71,155,70
Andrew Sanchez,73,185,74
Andrew Todhunter,72,185,72
Andy Enz,75,185,78
Andy Ogle,68,145,69
Angela Hill,63,115,64
Angela Magana,61,115,65
Anna Elmose,63,115,65
Anthony Adams,72,185,77
Anthony Birchak,68,135,69
Anthony Christodoulou,69,155,72
Anthony Hamilton,77,260,76
Anthony Hernandez,72,185,75
Anthony Johnson,74,205,78
Anthony Lapsley,69,170,71
Anthony Njokuani,73,155,75
Anthony Perosh,75,205,75
Anthony Pettis,70,170,72
Anthony Rocco Martin,72,170,73
Anthony Smith,76,205,76
Anton Kuivanen,68,155,72
Anton Zafir,71,170,72
Antoni Hardonk,76,245,78
Antonina Shevchenko,68,125,67
Antonio Banuelos,65,135,63
Antonio Braga Neto,75,185,77
Antonio Carlos Junior,74,185,79
Antonio Carvalho,69,145,68
Antonio Dos Santos,70,185,72
Antonio Mendes,75,205,77
Antonio Silva,76,264,80
Antwain Britt,73,205,77
Ariane Lipski,63,125,67
Ariel Beck,66,125,66
Arjan Bhullar,73,245,75
Arman Tsarukyan,67,155,72
Arnold Allen,68,145,70
Artem Lobov,69,145,65
Ashkan Mokhtarian,66,125,67
Ashlee Evans-Smith,68,125,67
Ashley Yoder,67,115,69
Aspen Ladd,66,135,66
Augusto Mendes,66,135,65
Augusto Montano,73,170,73
Augusto Sakai,75,265,77
Austen Lane,78,245,80
Austin Arnett,72,145,72
Austin Hubbard,70,155,71
Austin Springer,68,145,71
Austin Tweedy,69,155,68
Austin Vanderford,71,170,74
Azamat Gashimov,66,125,66
BJ Penn,69,155,70
Barb Honchak,64,125,65
Bart Palaszewski,69,145,70
Bartosz Fabinski,72,170,75
Bea Malecki,69,135,74
Bec Rawlings,66,125,64
Belal Muhammad,71,170,72
Ben Askren,71,170,73
Ben Nguyen,65,125,65
Ben Rothwell,76,265,78
Ben Saunders,74,170,77
Ben Wall,70,155,73
Beneil Dariush,70,155,72
Benito Lopez,70,135,73
Benny Alloway,71,170,75
Benson Henderson,69,170,70
Bentley Syler,64,125,68
Bernardo Magalhaes,69,155,65
Besam Yousef,71,170,71
Bethe Correia,65,135,64
Bevon Lewis,75,185,79
Bharat Kandare,67,135,72
Bill Algeo,72,145,73
Billy Evangelista,68,155,68
Blagoy Ivanov,71,250,73
Blas Avena,72,170,74
Bobby Green,70,155,71
Bobby Lashley,75,255,78
Bobby Moffett,70,145,74
Bobby Nash,72,170,74
Bobby Voelker,72,170,75
Bojan Mihajlovic,71,205,73
Bojan Velickovic,72,170,76
Boston Salmon,69,135,69
Brad Blackburn,70,170,73
Brad Katona,66,135,64
Brad Pickett,66,135,68
Brad Tavares,73,185,74
Bradley Scott,73,170,76
Brandon Davis,70,135,72
Brandon Moreno,67,125,70
Brandon Thatch,74,170,74
Brandon Vera,75,230,76
Brandon Visher,66,135,68
Brendan Loughnane,70,145,70
Brendan O'Reilly,67,170,69
Brendan Schaub,76,245,78
Brett Johns,67,135,71
Brett Rogers,77,265,81
Brian Bowles,67,135,70
Brian Camozzi,74,170,78
Brian Ebersole,72,170,73
Brian Foster,69,170,71
Brian Houston,74,185,78
Brian Kelleher,66,135,66
Brian Melancon,68,170,72
Brian Ortega,68,145,69
Brian Stann,73,205,74
Bristol Marunde,73,170,71
Brock Jardine,71,170,73
Brock Larson,71,170,71
Brock Lesnar,75,265,81
Brok Weaver,72,170,73
Bruno Korea,66,135,65
Bruno Santos,69,185,69
Bryan Barberena,72,170,72
Bryan Caraway,68,135,68
Bubba Bush,72,185,73
Bubba McDaniel,75,185,75
Byron Bloodworth,68,135,69
CB Dollaway,74,185,76
CJ Hamilton,67,125,68
CM Punk,73,170,73
Cain Carrizosa,68,155,74
Cain Velasquez,73,240,77
Caio Magalhaes,73,185,73
Callan Potter,72,155,72
Calvin Kattar,71,145,72
Cameron Olson,73,205,75
Caol Uno,67,155,70
Carla Esparza,61,115,63
Carlo Pedersoli,71,170,75
Carlo Prater,71,155,72
Carlos Candelario,68,125,67
Carlos Condit,74,170,75
Carlos Eduardo Rocha,70,170,70
Carlos Huachin,64,135,67
Carls John De Tomas,65,125,71
Carmelo Marrero,72,205,73
Caros Fodor,69,155,76
Casey Kenney,67,135,68
Cat Zingano,66,145,68
Cathal Pendred,73,170,75
Cesar Arzamendia,71,155,71
Cezar Ferreira,73,185,78
Chad George,66,135,68
Chad Griggs,73,205,73
Chad Laprise,70,170,71
Chad Mendes,66,145,66
Chael Sonnen,73,205,74
Chan Sung Jung,67,145,72
Chance Rencountre,74,170,75
Chanmi Jeon,65,115,67
Charles Byrd,70,185,73
Charles Jourdain,69,155,69
Charles McCarthy,70,185,71
Charles Oliveira,70,155,74
Charles Rosa,69,145,69
Charlie Brenneman,70,155,72
Charlie Valencia,63,135,64
Charlie Ward,71,170,73
Chas Skelly,71,145,72
Chase Beebe,67,135,67
Chase Sherman,76,250,78
Chase Waldon,73,185,75
Che Mills,73,170,76
Cheick Kongo,76,240,82
Cheyden Leialoha,68,135,73
Chibwikem Onyenegecha-Palmer,75,185,76
Chico Camus,66,125,66
Chris Avila,70,145,72
Chris Beal,67,125,69
Chris Birchler,75,205,79
Chris Camozzi,74,185,76
Chris Cariaso,63,125,63
Chris Clements,70,170,70
Chris Cope,72,170,72
Chris Dempsey,70,185,72
Chris Fishgold,68,145,68
Chris Gruetzemacher,68,155,68
Chris Gutierrez,69,135,69
Chris Heatherly,69,155,68
Chris Holdsworth,71,135,71
Chris Horodecki,69,155,69
Chris Indich,70,170,73
Chris Kelades,67,125,68
Chris Leben,71,185,74
Chris Lytle,71,170,68
Chris Tuchscherer,74,258,76
Chris Wade,70,155,70
Chris Weidman,74,185,78
Chris Wilson,73,170,75
Chris de la Rocha,75,250,80
Christian Colombo,77,265,80
Christian Morecraft,78,260,81
Christian Ocon,68,135,69
Christian Wellisch,74,234,77
Christina Marks,67,125,69
Christos Giagos,70,155,71
Chuck Liddell,74,205,76
Cindy Dandois,67,135,68
Claude Patrick,71,170,75
Claudia Gadelha,64,115,63
Claudio Puelles,71,155,72
Claudio Silva,71,170,71
Clay Collard,71,145,73
Clay Guida,67,155,70
Clay Harvison,73,170,74
Clifford Starks,72,185,77
Clint Hester,74,205,77
Cody Donovan,75,205,74
Cody East,75,245,74
Cody Garbrandt,68,135,65
Cody Gibson,70,135,71
Cody McKenzie,72,155,72
Cody Pfister,70,155,73
Cody Stamann,66,135,64
Colby Covington,71,170,72
Cole Escovedo,67,135,72
Cole Miller,73,145,74
Cole Province,69,145,68
Cole Smith,71,135,67
Colin Fletcher,74,155,78
Collin Hart,73,185,76
Colton Smith,72,155,71
Conor McGregor,69,155,74
Corey Anderson,75,205,79
Corey Hill,76,155,80
Cortney Casey,67,115,67
Cory Sandhagen,71,135,70
Costas Philippou,71,185,73
Coty Wheeler,66,135,67
Court McGee,71,170,75
Craig White,74,170,76
Cris Cyborg,68,145,68
Cristiano Marcello,69,155,72
Cristina Stanciu,63,115,64
Cub Swanson,68,145,70
Cung Le,69,185,69
Curt Warburton,72,155,73
Curtis Blaydes,76,265,80
Curtis Millender,74,170,76
Cynthia Calvillo,64,115,64
Cyril Asker,72,247,74
Cyrille Diabate,78,205,81
DaMarques Johnson,73,170,75
Daichi Abe,71,170,71
Dale Hartt,70,155,69
Damacio Page,66,135,66
Damian Grabowski,73,241,75
Damian Stasiak,65,135,70
Damien Brown,70,155,68
Damir Hadzovic,69,155,70
Damon Jackson,71,145,71
Dan Hardy,72,170,74
Dan Henderson,71,185,74
Dan Hooker,72,155,75
Dan Ige,67,145,71
Dan Miller,73,185,74
Dan Moret,72,155,73
Daniel Cormier,71,235,72
Daniel Jolly,73,205,75
Daniel Kelly,72,185,70
Daniel Omielanczuk,72,247,74
Daniel Pineda,67,145,69
Daniel Roberts,70,170,74
Daniel Sarafian,69,185,73
Daniel Spitz,79,245,82
Daniel Spohn,76,205,79
Daniel Teymur,65,145,69
Danielle Taylor,60,115,60
Danilo Belluardo,72,155,74
Danny Castillo,69,155,71
Danny Downes,72,155,72
Danny Henry,72,145,73
Danny Martinez,66,125,67
Danny Mitchell,74,170,74
Danny Roberts,73,170,74
Darko Stosic,72,205,76
Daron Cruickshank,68,155,72
Darrell Horcher,70,155,70
Darrell Montague,66,125,67
Darren Elkins,70,145,71
Darren Stewart,72,185,74
Darren Till,72,170,74
Darren Uyenoyama,66,125,64
Dashon Johnson,67,145,70
Dave Herman,76,242,76
Dave Jansen,69,155,73
Davey Grant,68,135,69
Davi Ramos,66,155,70
David Bielkheden,70,155,71
David Branch,73,185,78
David Heath,71,205,72
David Loiseau,72,185,76
David Michaud,69,155,72
David Mitchell,72,170,76
David Teymur,69,155,73
David Zawada,72,170,75
DeAnna Bennett,64,125,68
Dean Lister,73,185,75
Deiveson Figueiredo,65,125,68
Deividas Taurosevicius,69,145,68
Demetrious Johnson,63,125,66
Demian Maia,73,170,72
Denis Kang,71,185,77
Dennis Bermudez,66,155,66
Dennis Bryant,72,205,72
Dennis Hallman,69,155,72
Dennis Siver,66,145,70
Derek Brunson,73,185,77
Deron Winn,66,185,70
Derrick Krantz,70,170,72
Derrick Lewis,75,260,79
Desmond Green,70,155,73
Devin Clark,72,205,75
Devin Powell,72,155,73
Devonte Smith,69,155,76
Dhiego Lima,74,170,74
Diego Brandao,67,145,68
Diego Ferreira,69,155,74
Diego Nunes,66,145,67
Diego Rivas,68,145,69
Diego Sanchez,70,170,72
Dileno Lopes,65,135,65
Dmitrii Smoliakov,74,253,74
Dmitry Sosnovskiy,75,240,77
Dom Pilarte,72,135,74
Dominic Waters,73,170,79
Dominick Cruz,68,135,68
Dominick Reyes,76,205,77
Dominique Steele,70,170,74
Don Madge,72,155,72
Don'Tale Mayes,78,260,82
Donald Cerrone,73,155,73
Dong Hyun Kim,74,170,76
Dong Hyun Ma,71,155,70
Dongi Yang,70,185,71
Dooho Choi,70,145,70
Douglas Silva de Andrade,67,135,68
Drakkar Klose,69,155,70
Drew Dober,68,155,70
Drew Fickett,70,155,70
Drew McFedries,72,185,72
Duane Ludwig,70,170,70
Duda Santana,67,145,73
Dustin Hazelett,73,170,76
Dustin Jacoby,76,185,78
Dustin Kimura,67,135,71
Dustin Ortiz,65,125,65
Dustin Pague,69,135,74
Dustin Poirier,69,155,72
Dwight Grant,73,170,76
Dylan Andrews,73,185,73
Ed Herman,73,205,77
Ed Ratcliff,70,155,71
Eddie Alvarez,69,155,69
Eddie Gordon,72,185,76
Eddie Mendez,70,185,76
Eddie Sanchez,74,230,74
Eddie Wineland,67,135,69
Edgar Garcia,70,170,71
Ednaldo Oliveira,77,205,79
Edson Barboza,71,155,75
Edwin Figueroa,67,135,69
Efrain Escudero,69,155,70
Elias Garcia,65,125,67
Elias Silverio,71,155,73
Elias Theodorou,73,185,75
Elias Urbina,75,185,77
Eliot Marshall,74,205,77
Elizabeth Phillips,66,135,65
Elizeu Zaleski dos Santos,71,170,73
Elvis Mutapcic,72,185,72
Elvis Sinosic,75,205,77
Emil Meek,71,170,74
Emily Peters Kagan,63,115,66
Emily Whitmire,65,115,63
Enrique Barzola,67,145,70
Enrique Marin,70,170,74
Eric Schafer,75,185,75
Eric Shelton,66,125,68
Eric Spicely,73,185,73
Erick Montano,72,170,73
Erick Silva,72,170,74
Ericka Almeida,66,115,68
Erik Koch,70,155,71
Erik Perez,68,135,68
Ernest Chavez,68,145,70
Eryk Anders,73,185,75
Estevan Payan,70,145,72
Evan Dunham,70,155,70
Evan Tanner,72,185,74
Evangelista Santos,70,170,76
Everett Sims,77,260,77
Fabio Maldonado,73,205,75
Fabricio Camoes,70,155,73
Fabricio Werdum,76,231,77
Fedor Emelianenko,72,230,74
Felice Herrig,64,115,65
Felicia Spencer,66,145,68
Felipe Arantes,68,135,73
Felipe Colares,69,135,69
Felipe Olivieri,69,155,72
Felipe Silva,72,155,77
Fernando Bruno,66,145,70
Fernando Gonzalez,69,170,68
Filip Pejic,68,135,70
Forrest Griffin,75,205,77
Forrest Petz,69,170,71
Francimar Barroso,73,205,75
Francis Carmont,75,205,78
Francis Ngannou,76,250,83
Francisco Rivera,68,135,68
Francisco Trevino,69,155,70
Francisco Trinaldo,69,155,70
Frank Camacho,70,170,73
Frank Gomez,70,135,67
Frank Mir,75,264,79
Frank Trigg,69,170,71
Frankie Edgar,66,145,68
Frankie Perez,71,155,73
Frankie Saenz,66,135,66
Fredson Paixao,66,145,66
Fredy Serrano,63,125,65
Gabriel Benitez,68,145,71
Gabriel Gonzaga,74,242,76
Gadzhimurad Antigulov,71,205,70
Galore Bofando,71,170,72
Garett Whiteley,72,155,72
Garreth McLellan,73,185,72
Garrett Gross,69,155,69
Gasan Umalatov,71,170,71
Gavin Tucker,66,145,66
Geane Herrera,65,125,66
Gegard Mousasi,74,185,76
Geoff Neal,71,170,75
George Roop,73,135,72
George Sotiropoulos,70,155,71
George Sullivan,72,170,73
Georges St-Pierre,71,185,76
Gerald Harris,71,185,77
Gerald Meerschaert,73,185,77
Geraldo de Freitas,69,135,72
Germaine de Randamie,69,135,71
Gesias Cavalcante,68,200,71
Gian Villante,75,185,76
Giga Chikadze,72,170,72
Gilbert Burns,70,145,71
Gilbert Melendez,69,155,73
Gilbert Smith,69,225,75
Gilbert Yvel,74,190,77
Gillian Robertson,65,145,63
Gina Mazany,66,135,68
Glaico Franca,72,155,77
Gleison Tibau,70,145,71
Glover Teixeira,74,145,76
Godofredo Pepey,67,145,73
Gokhan Saki,72,205,73
Goran Reljic,75,145,81
Grant Dawson,70,155,72
Gray Maynard,69,265,70
Greg Hardy,77,155,80
Greg Rebello,72,145,73
Greg Soto,71,220,73
Gregor Gillespie,67,183,71
Grigorii Popov,67,135,68
Guido Cannetti,66,185,68
Guilherme Vasconcelos,72,205,74
Gunnar Nelson,71,125,72
Guto Inocente,75,200,77
Hacran Dias,68,145,69
Hakeem Dawodu,68,220,73
Hannah Cifers,61,115,63
Hannah Goldy,64,250,61
Hans Stringer,75,240,73
Hatsu Hioki,71,168,70
Hayder Hassan,70,250,70
Heath Herring,76,115,78
Heather Jo Clark,66,170,64
Hector Aldana,71,185,72
Hector Lombard,69,205,71
Hector Sandoval,62,170,64
Hector Urbina,71,185,73
Henrique da Silva,75,135,76
Henry Briones,68,135,69
Henry Cejudo,64,145,64
Henry Martinez,67,270,68
Hermes Franca,66,170,71
Hernani Perpetuo,72,215,74
Hiromitsu Miura,69,205,71
Holly Holm,68,205,69
Horacio Gutierrez,70,205,69
Houston Alexander,72,210,72
Hu Yaozong,75,155,72
Hugo Viana,66,145,67
Humberto Brown,70,135,71
Hyun Gyu Lim,75,155,77
Ian Entwistle,65,225,64
Ian Heinisch,71,145,72
Ian McCall,65,185,64
Igor Araujo,73,235,77
Igor Pokrajac,72,205,76
Ildemar Alcantara,74,125,78
Iliarde Santos,65,125,66
Ilir Latifi,70,205,73
Ion Cutelaba,73,145,75
Irene Aldana,69,155,68
Isaac Vallie-Flagg,68,155,68
Islam Makhachev,70,170,70
Ismail Naurdiev,70,185,74
Israel Adesanya,76,155,80
Issei Tamura,65,135,63
Iuri Alcantara,69,135,71
Ivan Jorge,69,135,73
Ivan Menjivar,66,185,64
Ivan Shtyrkov,72,115,74
JC Cottrell,69,170,71
JJ Aldrich,65,155,67
JP Buys,66,185,66
JR Coughran,66,185,71
Jacare Souza,73,185,72
Jack Hermansson,73,255,77
Jack Marshman,72,205,73
Jack May,80,135,79
Jacob Kilburn,69,155,71
Jacob Volkmann,69,170,71
Jaime Alvarez,68,125,69
Jairzinho Rozenstruik,76,170,78
Jake Collier,75,170,78
Jake Ellenberger,69,155,71
Jake Hecht,72,170,76
Jake Lindsey,71,205,71
Jake Matthews,71,185,73
Jake O'Brien,75,170,76
Jake Shields,72,155,72
Jalin Turner,75,145,77
Jamall Emmers,70,205,74
Jameel Massouh,70,145,72
Jamelle Jones,72,205,75
James Bochnovic,76,135,81
James Head,73,170,73
James Irvin,74,205,75
James Krause,74,230,73
James McSweeney,76,243,77
James Moontasri,70,155,71
James Mulheron,70,185,73
James Te Huna,74,265,75
James Vick,75,155,76
James Wallace,70,205,69
James Wilks,73,115,75
Jamie Colleen,63,185,65
Jamie Moyle,61,155,65
Jamie Pickett,74,185,80
Jamie Varner,68,205,72
Jan Blachowicz,74,310,78
Jared Cannonier,71,155,77
Jared Gordon,69,135,68
Jared Hamman,75,170,75
Jared Papazian,68,265,67
Jared Rosholt,74,125,75
Jarjis Danho,75,185,74
Jarred Brooks,63,155,62
Jason Brilz,71,185,71
Jason Day,72,155,72
Jason Dent,70,225,71
Jason Gonzalez,74,155,74
Jason High,68,170,71
Jason Jackson,73,185,78
Jason Knight,70,185,71
Jason Lambert,75,145,75
Jason MacDonald,75,180,80
Jason Miller,73,135,72
Jason Novelli,72,245,75
Jason Saggo,71,170,71
Jason Young,69,145,73
Javier Vazquez,67,155,69
Jay Hieron,72,185,75
Jeff Curran,66,250,69
Jeff Hougland,67,170,68
Jeff Hughes,74,247,78
Jeff Monson,69,205,74
Jenel Lausa,65,125,68
Jennifer Maia,64,205,64
Jens Pulver,67,240,70
Jeremy Horn,73,145,74
Jeremy Kennedy,71,205,71
Jeremy Kimball,72,145,72
Jeremy Larsen,70,185,70
Jeremy Stephens,68,200,71
Jerrod Sanders,68,170,72
Jess Liaudin,69,170,72
Jessamyn Duke,71,185,73
Jesse Forbes,74,170,75
Jesse Lennox,69,170,72
Jesse Ronson,70,115,72
Jesse Taylor,72,125,73
Jessica Aguilar,63,115,63
Jessica Andrade,61,115,62
Jessica Eye,66,125,66
Jessica Penne,65,155,67
Jessica Rakoczy,67,155,68
Jessica-Rose Clark,65,125,64
Jessin Ayari,72,145,73
Ji Yeon Kim,67,155,72
Jianping Yang,67,215,65
Jim Alers,69,205,71
Jim Miller,68,135,71
Jimi Manuwa,73,205,79
Jimmie Rivera,64,185,68
Jimmy Crute,74,145,74
Jimmy Quinlan,72,205,72
Jimmy Wallhead,70,135,73
Jimy Hettes,69,205,71
Jin Soo Son,66,125,69
Joachim Christensen,75,125,76
Joanna Jedrzejczyk,66,155,65
Joanne Calderwood,66,155,65
Joao Zeferino,71,115,73
Joaquim Silva,68,115,69
Joby Sanchez,66,170,68
Jocelyn Jones-Lybarger,67,155,64
Jodie Esquibel,61,155,64
Joe Doerksen,72,155,75
Joe Duffy,70,185,73
Joe Ellenberger,69,155,72
Joe Giannetti,72,155,74
Joe Gigliotti,71,155,69
Joe Lauzon,70,170,71
Joe Lowry,70,195,72
Joe Merritt,72,210,73
Joe Proctor,70,199,72
Joe Riggs,72,236,70
Joe Soto,66,185,65
Joe Stevenson,67,155,70
Joel Alvarez,75,185,77
Joey Beltran,73,155,75
Joey Gomez,70,170,71
John Albert,68,235,68
John Alessio,70,135,72
John Castaneda,67,275,70
John Cholish,71,135,72
John Cofer,69,145,73
John Dodson,63,145,66
John Franchi,66,155,67
John Gunderson,69,170,69
John Gunther,69,135,72
John Hathaway,73,170,75
John Howard,67,155,71
John Lineker,63,155,67
John Maguire,69,400,69
John Makdessi,68,125,68
John Moraga,66,155,66
John Phillips,71,190,75
John Salter,73,155,74
Johnny Bedford,70,135,71
Johnny Case,70,170,72
Johnny Eduardo,67,170,71
Johnny Walker,77,170,82
Johny Hendricks,69,295,69
Jon Delos Reyes,66,205,67
Jon Fitch,72,170,76
Jon Jones,76,170,84
Jon Madsen,72,253,72
Jon Manley,73,155,75
Jon Tuck,71,145,73
Jonathan Brookins,72,170,73
Jonathan Goulet,72,155,73
Jonathan Martinez,68,125,70
Jonathan Meunier,75,250,75
Jonathan Pearce,72,205,71
Jonathan Wilson,74,240,75
Jonavin Webb,70,139,71
Jordan Espinosa,66,170,71
Jordan Griffin,70,145,72
Jordan Johnson,74,185,79
Jordan Mein,72,145,73
Jordan Rinaldi,70,155,72
Jordan Williams,72,205,75
Jordan Wright,74,170,77
Jorge Gurgel,67,170,69
Jorge Masvidal,71,170,74
Jorge Rivera,73,205,73
Jorge Santiago,73,145,74
Jorge de Oliveira,68,240,71
Jose Aldo,67,125,70
Jose Quinonez,68,125,69
Jose Torres,64,135,65
Joseph Benavidez,64,155,65
Joseph Morales,66,255,69
Joseph Solecki,69,259,71
Josh Appelt,70,185,73
Josh Barnett,75,170,78
Josh Clopton,66,145,68
Josh Copeland,73,125,75
Josh Emmett,66,170,70
Josh Ferguson,65,235,66
Josh Grispi,71,185,74
Josh Janousek,71,185,73
Josh Koscheck,70,170,73
Josh Neer,71,145,72
Josh Samman,75,235,79
Josh Shockley,73,205,74
Josh Stansbury,74,170,74
Josh Thomson,70,125,71
Joshua Burkman,70,250,72
Joshua Sampo,64,190,64
Juan Adams,77,145,80
Juan Espino,76,205,82
Juan Puig,69,145,72
Julia Budd,67,300,67
Julian Erosa,73,115,74
Julian Marquez,74,135,75
Juliana Lima,65,145,65
Julianna Pena,66,145,69
Julie Kedzie,65,145,64
Julija Stoliarenko,67,170,66
Julio Arce,67,135,70
Jumabieke Tuerxun,67,264,67
Junior Albini,75,238,74
Junior Assuncao,69,135,72
Junior Dos Santos,76,170,77
Junior Hernandez,69,155,69
Jussier Formiga,65,205,67
Justin Buchholz,72,235,73
Justin Edwards,70,155,70
Justin Frazier,72,170,75
Justin Gaethje,71,170,70
Justin Gonzales,69,205,72
Justin Jones,71,185,78
Justin Lawrence,68,185,67
Justin Ledet,76,225,80
Justin McCully,73,135,73
Justin Salas,68,264,70
Justin Scoggins,67,265,66
Justin Sumter,74,125,80
Justin Willis,73,155,78
Justine Kish,65,115,64
KJ Noons,70,155,72
Kai Kara-France,65,155,69
Kailin Curran,64,115,65
Kajan Johnson,71,125,75
Kali Robbins,63,155,63
Kalib Starnes,75,170,74
Kamal Shalorus,68,125,68
Kamaru Usman,72,185,76
Karen Darabedyan,67,205,68
Karine Gevorgyan,64,113,63
Karl Reed,75,170,78
Karl Roberson,73,135,74
Karlos Vemola,72,125,75
Karo Parisyan,70,154,72
Karolina Kowalkiewicz,63,145,64
Katlyn Chookagian,69,168,68
Katsunori Kikuno,68,205,66
Kazuhiro Nakamura,71,220,70
Kazuki Tokudome,71,185,73
Keita Nakamura,71,185,73
Keith Berish,72,185,73
Keith Jardine,74,155,76
Keith Wisniewski,72,135,75
Kelly Faszholz,68,161,67
Kelvin Gastelum,69,185,71
Ken Shamrock,73,220,72
Ken Stone,68,170,71
Kendall Grove,78,145,79
Kenji Osawa,67,145,66
Kenneth Bergh,74,170,76
Kenny Florian,70,265,74
Kenny Robertson,70,200,74
Ketlen Vieira,68,170,68
Kevin Aguilar,67,235,73
Kevin Burns,70,125,74
Kevin Casey,71,205,77
Kevin Gray,64,245,67
Kevin Holland,75,170,81
Kevin Lee,69,145,77
Kevin Souza,72,185,74
Khabib Nurmagomedov,70,205,70
Khalid Murtazaliev,72,170,76
Khalid Taha,65,135,69
Khalil Rountree Jr.,73,145,76
Kiichi Kunimoto,70,135,71
Klidson Abreu,72,230,74
Konstantin Erokhin,71,220,73
Kris McCray,72,185,76
Kron Gracie,69,168,70
Krzysztof Jotko,73,155,77
Krzysztof Soszynski,73,155,77
Kuniyoshi Hironaka,70,145,70
Kurt Holobaugh,71,185,70
Kurt Pellegrino,68,155,70
Kwan Ho Kwak,65,185,70
Kyle Bochniak,67,135,70
Kyle Bradley,69,205,71
Kyle Daukaus,75,155,76
Kyle Kingsbury,76,170,76
Kyle Nelson,71,225,71
Kyle Noke,73,155,76
Kyle Prepolec,70,135,70
Kyle Stewart,74,125,76
Kyoji Horiguchi,65,125,66
Kyung Ho Kang,69,185,73
LC Davis,68,145,69
Lance Benoist,71,185,73
Lando Vannata,69,205,71
Larissa Pacheco,67,125,69
Laureano Staropoli,73,170,71
Lauren Mueller,65,145,67
Lauren Murphy,67,145,67
Lavar Johnson,76,135,82
Lazar Stojadinovic,67,205,68
Leah Letson,67,155,71
Leandro Issa,67,286,69
Leandro Silva,69,185,72
Leo Kuntz,70,145,74
Leon Edwards,72,155,74
Leon Shahbazyan,76,135,77
Leonard Garcia,70,155,69
Leonardo Augusto Leleco,72,185,73
Leonardo Mafra,70,135,70
Leonardo Morales,68,145,68
Leonardo Santos,72,170,75
Leslie Smith,69,170,66
Levan Makashvili,68,205,68
Lewis Gonzalez,70,135,73
Li Jingliang,72,135,71
Lina Lansberg,67,135,65
Lisa Ellis,64,125,62
Liu Pingyuan,66,185,72
Livinha Souza,65,185,63
Liz Carmouche,66,170,66
Lorenz Larkin,71,135,72
Louis Gaudinot,63,160,63
Louis Smolka,69,125,68
Louis Taylor,71,205,74
Luan Chagas,72,145,75
Luana Carolina,66,161,69
Lucas Martins,72,170,72
Lucie Pudilova,68,145,67
Luigi Fioravanti,68,155,70
Luis Gomez,67,170,68
Luis Henrique,74,154,74
Luis Pena,75,185,75
Luiz Cane,74,185,77
Luiz Dutra,71,155,71
Lukasz Sajewski,68,155,71
Luke Barnatt,78,170,77
Luke Cummo,72,135,74
Luke Jumeau,71,185,72
Luke Rockhold,75,185,77
Luke Sanders,66,155,67
Luke Zachrich,74,185,74
Lyman Good,72,155,74
Lyoto Machida,73,145,74
Mac Danzig,68,135,70
Mackens Semerzier,69,155,72
Mackenzie Dern,64,185,63
Macy Chiasson,71,205,72
Mads Burnell,68,125,69
Magnus Cedenblad,77,185,79
Magomed Ankalaev,75,115,75
Magomed Bibulatov,65,115,65
Magomed Mustafaev,68,185,71
Maia Stevenson,64,185,62
Mairbek Taisumov,69,220,73
Maki Pitolo,70,135,72
Makwan Amirkhani,70,125,72
Manny Bermudez,70,135,71
Manny Tapia,65,125,67
Manny Vazquez,70,155,72
Manuel Rodriguez,69,155,68
Manvel Gamburyan,65,185,67
Mara Romero Borella,66,205,69
Marc Diakiese,70,170,73
Marc-Andre Barriault,73,249,74
Marcel Fortuna,73,185,74
Marcelo Golm,75,155,75
Marcelo Guimaraes,72,205,73
Marcin Bandel,70,155,70
Marcin Held,69,185,71
Marcin Prachnio,75,232,74
Marcin Tybura,75,155,78
Marcio Alexandre Junior,72,210,75
Marco Beltran,68,135,69
Marcos Rogerio de Lima,73,215,75
Marcos Vinicius,69,135,70
Marcus Aurelio,70,155,74
Marcus Brimage,64,155,71
Marcus Davis,70,242,70
Marcus Hicks,66,115,64
Marcus LeVesseur,69,115,70
Marina Rodriguez,66,145,65
Mario Bautista,69,205,72
Mario Miranda,75,135,74
Marion Reneau,66,145,68
Mark Bocek,68,145,75
Mark Cherico,67,145,69
Mark Coleman,73,240,75
Mark De La Rosa,66,190,65
Mark Eddiva,68,145,68
Mark Godbeer,76,205,77
Mark Hominick,68,185,68
Mark Hunt,70,170,72
Mark Munoz,72,135,72
Markus Perez,73,145,73
Marloes Coenen,69,145,67
Marlon Moraes,66,135,67
Marlon Vera,68,170,70
Martin Bravo,68,155,71
Martin Buschkamp,69,185,70
Martin Day,70,135,73
Martin Kampmann,72,185,72
Martin Svensson,73,125,72
Marvin Eastman,69,220,73
Marvin Vettori,72,139,74
Maryna Moroz,67,135,67
Masanori Kanehara,67,170,67
Masio Fullen,70,170,70
Matheus Nicolau,66,145,66
Mats Nilsson,73,170,74
Matt Arroyo,70,220,72
Matt Bessette,70,155,70
Matt Brown,72,145,75
Matt Dwyer,76,205,76
Matt Frevola,69,125,71
Matt Grice,68,185,70
Matt Hamill,73,170,76
Matt Hobar,70,244,70
Matt Hughes,69,205,73
Matt Lindland,72,145,74
Matt Mitrione,75,170,79
Matt Sayles,67,265,68
Matt Schnell,68,205,70
Matt Serra,66,155,68
Matt Van Buren,77,170,76
Matt Wiman,70,258,68
Matthew Lopez,67,145,69
Matthew Riddle,73,221,74
Maurice Greene,79,205,82
Mauricio Rua,73,145,76
Max Griffin,71,135,76
Max Holloway,71,125,69
Maximo Blanco,68,145,71
Maycee Barber,65,155,65
Megan Anderson,72,125,72
Mehdi Baghdad,73,225,75
Melinda Fabian,66,185,66
Melvin Guillard,69,145,68
Merab Dvalishvili,66,155,68
Michael Bisping,73,170,75
Michael Chiesa,73,220,75
Michael Cora,73,185,77
Michael Graves,70,185,71
Michael Johnson,70,155,73
Michael Kuiper,72,170,73
Michael Lombardo,72,205,72
Michael McBride,73,155,75
Michael McDonald,69,205,70
Michael Trizano,71,170,71
Michal Oleksiejczuk,72,155,74
Michel Pereira,73,145,73
Michel Prazeres,66,135,67
Michel Quinones,70,205,73
Michelle Waterson,63,155,62
Michihiro Omigawa,66,170,68
Michinori Tanaka,65,135,67
Mickael Lebout,71,205,73
Mickey Gall,74,135,74
Miesha Tate,66,155,65
Miguel Baeza,74,185,74
Miguel Torres,69,275,76
Mike Brown,66,235,70
Mike Budnik,69,205,68
Mike Davis,72,145,72
Mike Easton,66,230,70
Mike Grundy,67,155,72
Mike Guymon,72,185,74
Mike King,75,185,75
Mike Kyle,76,185,77
Mike Massenzio,74,170,73
Mike Perry,70,170,71
Mike Pierce,68,155,70
Mike Pyle,72,155,74
Mike Rhodes,73,205,74
Mike Ricci,72,255,77
Mike Rio,70,185,71
Mike Rodriguez,76,170,82
Mike Russow,73,170,73
Mike Santiago,70,260,69
Mike Stumpf,70,145,71
Mike Swick,73,145,77
Mike Wilkinson,67,205,68
Mike de la Torre,71,135,71
Milana Dudieva,63,255,61
Miles Johns,67,178,66
Milton Vieira,72,240,72
Minotauro Nogueira,75,155,77
Mirko Cro Cop,74,135,73
Mirsad Bektic,68,185,70
Misha Cirkunov,75,245,77
Mitch Clarke,70,390,73
Mitch Gagnon,65,154,65
Mizuto Hirota,67,135,67
Molly McCann,64,230,62
Montana De La Rosa,67,168,68
Montel Jackson,70,135,75
Mostapha Al-Turk,74,145,77
Motonobu Tezuka,67,155,66
Movsar Evloev,67,135,72
Muhammed Lawal,72,183,78
Muslim Salikhov,71,125,70
Myles Jury,70,105,73
Nad Narimani,68,135,70
Nadia Kassem,65,230,66
Nah-Shon Burrell,71,125,73
Nam Phan,66,255,70
Nandor Guelmino,75,155,76
Naoki Inoue,69,155,71
Naoyuki Kotani,68,185,66
Nasrat Haqparast,70,185,72
Nate Diaz,72,155,76
Nate Marquardt,72,230,74
Nate Mohr,69,170,72
Nate Quarry,72,135,72
Nathan Coy,70,265,69
Nathaniel Wood,66,125,69
Nazareno Malegarie,68,242,70
Neil Magny,75,125,80
Neil Seery,64,105,64
Nicco Montano,65,170,65
Nick Catone,72,125,72
Nick Diaz,73,155,76
Nick Hein,66,135,66
Nick Newell,70,205,74
Nick Osipczak,74,145,76
Nick Pace,67,185,68
Nick Penner,76,205,77
Nick Ring,72,170,74
Nick Roehrick,74,170,75
Nick Thompson,73,170,74
Nick Urso,66,155,66
Nico Musoke,72,205,75
Nicolae Negumereanu,72,185,78
Nicolas Dalby,71,145,74
Nik Lentz,68,170,68
Nikita Krylov,75,115,77
Niklas Backstrom,73,185,74
Niko Price,72,145,76
Nina Ansaroff,65,135,64
Ning Guangyou,64,220,64
Noad Lahat,69,125,69
Nolan Ticman,66,155,69
Nordine Taleb,73,135,74
Norifumi Yamamoto,64,170,66
Norman Parke,71,242,70
Oli Thompson,73,185,75
Oliver Enkamp,72,200,77
Olivier Aubin-Mercier,69,170,70
Oluwale Bamgbose,71,300,78
Omari Akhmedov,72,230,73
Oskar Piechota,72,155,76
Ovince Saint Preux,75,125,80
Pablo Garza,73,145,73
Paddy Holohan,70,170,69
Paige VanZant,64,155,65
Pannie Kianzad,67,235,68
Papy Abedi,71,155,74
Pascal Krauss,73,145,72
Pat Barry,71,170,74
Pat Healy,72,170,74
Pat Schilling,68,185,69
Patrick Cote,71,225,71
Patrick Cummins,74,170,76
Patrick Walsh,71,245,71
Patrick Williams,68,205,73
Paul Buentello,74,155,77
Paul Craig,75,170,76
Paul Daley,69,199,76
Paul Felder,71,155,70
Paul Kelly,69,155,70
Paul Redmond,70,155,70
Paul Sass,72,185,73
Paul Taylor,72,185,72
Paulo Costa,73,170,72
Paulo Thiago,71,135,73
Pawel Pawlak,72,245,73
Pearl Gonzalez,64,241,68
Pedro Munhoz,66,135,65
Peggy Morgan,73,170,70
Per Eklund,70,235,72
Pete Sell,71,170,75
Peter Petties,71,155,72
Peter Sobotta,72,205,75
Petr Yan,67,125,67
Phil Baroni,69,185,72
Phil Davis,74,250,79
Phil Harris,64,155,64
Phil Hawes,73,205,70
Philip De Fries,77,185,82
Phillipe Nover,69,155,72
Pietro Menga,67,115,68
Piotr Hallmann,69,145,71
Poliana Botelho,68,125,67
Polo Reyes,71,185,71
Polyana Viana,65,155,67
Priscila Cachoeira,67,245,65
Punahele Soriano,71,185,72
Quinn Mulhern,75,145,76
Rachael Ostovich,63,170,62
Rafael Dos Anjos,68,135,70
Rafael Feijao,73,135,73
Rafael Fiziev,68,155,71
Rafael Natal,72,199,76
Rafael Rebello,65,145,67
Rafaello Oliveira,68,205,71
Ramazan Emeev,70,205,76
Rameau Thierry Sokoudjou,70,115,78
Ramiz Brahimaj,70,185,73
Rampage Jackson,73,170,73
Ramsey Nijem,71,135,75
Randa Markos,64,205,63
Randall Wallace,71,135,73
Randy Brown,75,135,78
Randy Costa,69,195,73
Randy Couture,73,135,75
Rani Yahya,66,261,67
Raoni Barcelos,67,247,67
Raphael Assuncao,65,135,66
Raquel Pennington,67,185,67
Rashad Coulter,71,125,76
Rashad Evans,72,135,75
Rashid Magomedov,69,170,70
Raulian Paiva,68,240,69
Ray Borg,64,246,63
Reginaldo Vieira,67,205,65
Renan Barao,66,170,70
Renato Moicano,71,155,72
Renato Sobral,73,185,75
Renee Forte,67,265,71
Reuben Duran,67,155,69
Reza Madadi,71,170,72
Ricardo Abreu,71,170,73
Ricardo Almeida,72,145,74
Ricardo Funch,70,242,76
Ricardo Lamas,68,135,71
Ricardo Ramos,69,170,72
Ricardo Romero,72,155,76
Rich Attonito,70,155,72
Rich Clementi,69,265,72
Rich Franklin,73,170,75
Richard Odoms,77,135,82
Richard Walsh,72,155,73
Richardson Moreira,74,125,72
Richie Santiago,67,145,67
Richie Smullen,69,207,68
Richie Vaculik,66,170,69
Rick Glenn,72,145,70
Rick Story,69,170,71
Ricky Rainey,73,135,77
Ricky Simon,66,170,69
Ricky Turcios,69,185,71
Rico DiSciullo,68,135,71
Riki Fukuda,72,265,73
Rilley Dutro,68,155,70
Rin Nakai,61,135,60
Roan Carneiro,71,185,74
Rob Broughton,74,205,74
Rob Emerson,69,155,70
Rob Font,68,155,71
Rob Kimmons,70,145,73
Rob MacDonald,75,185,78
Rob McCullough,69,185,69
Rob Whiteford,69,155,69
Rob Wilkinson,75,155,80
Robbie Lawler,71,245,74
Robert Drysdale,75,145,78
Robert Peralta,68,227,71
Robert Whittaker,72,145,73
Roberto Sanchez,66,205,66
Rocky Lee,69,145,68
Rodney Wallace,69,183,72
Rodolfo Rubio,65,246,66
Rodrigo Damm,67,185,71
Rodrigo de Lima,67,205,75
Roger Bowling,69,155,68
Roger Gracie,76,170,79
Roger Hollett,71,125,70
Roger Huerta,69,205,70
Roger Narvaez,75,135,79
Roger Zapata,71,205,74
Rogerio Bontorin,66,155,67
Rogerio Nogueira,74,145,75
Roland Delorme,69,135,71
Rolando Delgado,75,242,77
Rolando Dy,68,205,69
Roldan Sangcha-an,64,170,65
Roman Salazar,67,200,67
Ron Stallings,74,125,75
Ronda Rousey,67,155,68
Ronny Markes,73,155,75
Rony Jason,67,170,70
Roosevelt Roberts,74,115,73
Rory MacDonald,72,135,76
Rory Markham,72,135,71
Rory Singer,74,154,77
Rose Namajunas,65,155,65
Rosi Sexton,63,170,63
Ross Pearson,68,125,69
Rostem Akman,70,263,72
Rousimar Palhares,68,199,71
Roxanne Modafferi,67,175,69
Roy Nelson,72,135,72
Royston Wee,67,185,67
Ruan Potts,74,170,75
Ruslan Magomedov,75,205,78
Russell Doane,67,135,70
Rustam Khabilov,68,155,73
Ryan Bader,74,200,74
Ryan Benoit,65,155,68
Ryan Couture,70,185,75
Ryan Hall,70,205,71
Ryan Janes,75,170,76
Ryan Jensen,73,135,76
Ryan Jimmo,73,170,73
Ryan LaFlare,73,185,74
Ryan MacDonald,71,235,71
Ryan Spann,77,205,79
Ryo Chonan,69,183,70
Sabah Homasi,72,135,72
Sabina Mazo,67,155,70
Sage Northcutt,72,170,71
Sai Wang,72,155,72
Said Nurmagomedov,68,170,70
Salim Touahri,70,205,72
Sam Alvey,74,145,75
Sam Sicilia,68,155,67
Sam Stout,69,170,70
Santiago Ponzinibbio,72,115,73
Saparbeg Safarov,73,135,78
Sara McMann,66,135,66
Sarah Frota,66,154,69
Sarah Kaufman,65,205,67
Sarah Moras,67,240,67
Scott Askham,75,215,75
Scott Holtzman,69,155,69
Scott Jorgensen,65,210,66
Scott Smith,72,175,70
Sean Lally,72,270,74
Sean McCorkle,79,170,81
Sean O'Connell,73,185,74
Sean O'Malley,71,155,72
Sean Pierson,72,145,76
Sean Sherk,66,145,67
Sean Soriano,69,168,70
Sean Spencer,70,265,75
Sean Strickland,73,115,76
Seohee Ham,62,170,62
Sergei Pavlovich,75,155,84
Sergey Khandozhko,73,135,74
Serghei Spivac,75,170,78
Sergio Moraes,72,185,72
Sergio Pettis,66,205,69
Seth Baczynski,75,145,74
Seth Dikun,70,155,69
Seth Petruzelli,72,125,76
Seungwoo Choi,72,145,74
Shamar Bailey,69,145,75
Shamil Abdurakhimov,75,155,76
Shana Dobson,66,265,69
Shane Burgos,71,155,75
Shane Campbell,72,205,71
Shane Carwin,74,155,80
Shane Howell,68,145,69
Shane Nelson,69,250,70
Shane Roller,70,190,72
Shane Young,68,135,72
Shane del Rosario,76,260,79
Shannon Gugerty,70,265,71
Shawn Jordan,72,170,75
Shawn Teed,77,255,79
Shayna Baszler,67,235,67
Sheila Gaff,65,155,62
Sheldon Westcott,73,145,71
Shelton Graves,74,135,76
Sheymon Moraes,68,139,72
Shinsho Anzai,67,185,70
Shunichi Shimizu,65,135,66
Sidney Outlaw,68,170,74
Sijara Eubanks,64,135,67
Simeon Thoresen,73,265,79
Sirwan Kakai,65,320,66
Siyar Bahadurzada,71,205,73
Soa Palelei,76,185,81
Sodiq Yusuff,69,170,71
Song Kenan,72,205,71
Song Yadong,68,215,67
Spencer Fisher,67,170,70
Stanislav Nedkov,71,205,71
Stefan Sekulic,72,145,75
Stefan Struve,83,145,84
Stephan Bonnar,76,145,78
Stephen Thompson,72,170,75
Steve Bosse,71,135,72
Steve Cantwell,74,230,75
Steve Kennedy,71,185,71
Steve Montgomery,76,185,75
Steve Steinbeiss,75,290,75
Steven Peterson,70,240,70
Steven Siler,71,135,70
Stevie Ray,70,145,70
Stipe Miocic,76,145,80
Su Mudaerji,68,125,72
Sultan Aliev,71,155,74
Suman Mokhtarian,70,155,67
Sung Bin Jo,72,155,72
Syuri Kondo,64,170,66
TJ Dillashaw,66,310,67
TJ Grant,70,155,72
TJ Waldburger,71,264,75
Tae Hyun Bang,69,125,71
Tai Tuivasa,74,155,75
Taila Santos,65,225,68
Takanori Gomi,67,170,70
Takashi Sato,70,145,73
Takenori Sato,70,145,71
Takeya Mizugaki,67,170,68
Talita Bernardo,64,125,68
Tamdan McCrory,76,205,78
Tarec Saffiedine,70,205,70
Tateki Matsuda,67,135,65
Tatiana Suarez,65,170,66
Tatsuya Kawajiri,67,265,69
Taylor Lapilus,66,275,73
Te Edwards,68,430,72
Tebaris Gordon,73,135,78
Tecia Torres,61,155,60
Teemu Packalen,73,135,72
Terrion Ware,68,185,71
Terry Etim,73,145,73
Terry Martin,68,170,71
Teruto Ishihara,67,155,69
Thales Leites,73,205,78
Thanh Le,69,205,74
Thiago Alves,69,145,70
Thiago Moises,69,155,70
Thiago Perpetuo,70,135,71
Thiago Santos,74,170,76
Thiago Silva,74,154,74
Thiago Tavares,67,155,68
Thibault Gouti,70,145,72
Thomas Almeida,67,410,70
Thomas Gifford,73,115,75
Tiago Trator,69,185,70
Tiequan Zhang,68,235,70
Tiffany Masters,63,185,65
Tim Boetsch,72,135,74
Tim Credeur,75,185,75
Tim Elliott,67,225,66
Tim Gorman,65,185,68
Tim Hague,76,170,76
Tim Johnson,75,170,77
Tim Kennedy,71,185,74
Tim McKenzie,72,185,74
Tim Means,74,115,75
Tim Sylvia,80,145,80
Tim Williams,74,205,76
Tina Lahdemaki,62,200,62
Tito Ortiz,75,205,74
Todd Duffee,75,185,79
Todd Moore,69,170,71
Tom Breese,75,170,73
Tom DeBlass,72,205,75
Tom Duquesnoy,67,227,68
Tom Gallicchio,70,250,73
Tom Lawlor,72,185,74
Tom Niinimaki,69,145,69
Tom Watson,73,250,73
Tomasz Drwal,73,155,76
Tommy Hayden,69,139,72
Tommy Speer,70,170,71
Tony DeSouza,72,196,70
Tony Ferguson,71,155,76
Tony Sims,71,170,70
Tonya Evinger,67,125,70
Tor Troeng,74,255,77
Travis Browne,78,205,79
Travis Lutter,71,185,75
Trevin Giles,72,170,74
Trevor Prangley,73,185,75
Trevor Smith,75,220,75
Tyler Diamond,67,170,69
Tyler Hill,75,185,78
Tyler Toner,68,205,70
Tyron Woodley,69,125,74
Tyson Griffin,66,135,68
Tyson Pedro,75,155,79
Ulka Sasaki,70,230,71
Ulysses Gomez,66,125,66
Uriah Hall,72,170,79
Urijah Faber,66,115,67
Vagner Rocha,70,155,73
Valentina Shevchenko,65,170,66
Valerie Letourneau,67,125,68
Valmir Lazaro,72,125,73
Vaughan Lee,66,170,66
Vernon Ramos,66,170,72
Veronica Macedo,64,205,64
Vicente Luque,71,240,75
Victor Reyna,71,155,73
Vik Grujic,71,155,73
Viktor Pesta,75,185,77
Vinc Pichel,70,220,72
Vince Morales,67,205,70
Vinny Magalhaes,75,185,79
Virgil Zwicker,74,185,74
Virna Jandiroba,63,154,64
Viscardi Andrade,71,135,75
Vitor Belfort,72,205,74
Vitor Miranda,73,205,77
Viviane Araujo,64,245,68
Viviane Pereira,61,145,63
Vladimir Matyushenko,72,205,74
Volkan Oezdemir,74,170,75
Wagner Prado,72,205,74
Wagner Silva,72,250,71
Wagnney Fabiano,66,205,69
Walel Watson,71,145,69
Walt Harris,77,195,77
Wanderlei Silva,71,145,74
Wang Guan,69,205,71
Warlley Alves,71,115,72
Wendell Oliveira,70,205,72
Will Brooks,70,155,72
Will Campuzano,69,170,70
Will Chope,76,125,76
Will Kerr,70,185,69
William Patolino,71,160,75
Willie Gates,68,154,70
Wilson Gouveia,73,185,76
Wilson Reis,64,125,65
Wu Yanan,68,155,66
Wuliji Buren,69,205,69
Yair Rodriguez,71,125,71
Yan Cabral,71,145,73
Yan Xiaonan,65,205,63
Yana Kunitskaya,66,145,68
Yancy Medeiros,70,185,75
Yao Zhikui,65,155,64
Yaotzin Meza,69,205,74
Yazan Hajeh,69,250,73
Yoel Romero,72,155,73
Yorgan De Castro,72,220,74
Yosdenis Cedeno,68,199,69
Yoshihiro Akiyama,70,170,73
Yoshiro Maeda,67,185,68
Yoshiyuki Yoshida,71,225,70
Yui Chul Nam,69,185,69
Yuri Villefort,72,255,73
Yushin Okami,74,155,75
Yusuke Kasuya,67,145,67
Yves Edwards,69,185,73
Yves Jabouin,67,145,68
Zabit Magomedsharipov,73,155,73
Zach Makovsky,64,185,64
Zach Zane,67,145,69
Zachary Micklewright,72,185,74
Zak Cummings,72,155,75
Zak Ottow,71,135,72
